1,1/2/2020,TOKO MURAH,JAM LOKESWARA,1000,9840000,Jakarta,106.82274,-6.17447,ID,Asia,Jakarta,ID-JI,POINT (-6.17447 106.82274),WIB+07:00
2,1/2/2020,TOKO MURAH,BATIK LONTARA,120,8400000,Bandung,107.61102,-6.92155,ID,Asia,Jawa Barat,ID-SU,POINT (-6.92155 107.61102),WIB+07:00
3,1/2/2020,TOKO APRILIA SUKRISNI,JAM LOKESWARA,6000,62910000,Surabaya,112.73783,-7.24597,ID,Asia,Jawa Timur,ID-YO,POINT (-7.24597 112.73783),WITA+08:00
4,1/2/2020,TOKO APRILIA SUKRISNI,JAM WISH,408,4855200,Medan,98.67383,3.58967,ID,Asia,Sumatera Utara,ID-JK,POINT (3.58967 98.67383),WIB+07:00
5,1/2/2020,TOKO APRILIA SUKRISNI,BATIK BESUREK,140,1162000,Yogyakarta,102.25783,-1.3579,ID,Asia,Yogyakarta,ID-JB,POINT (-1.3579 102.25783),WIB+07:00
6,1/2/2020,TOKO MAJU TERUS,JAM LOKESWARA,820,8597700,Denpasar,115.21912,-8.6525,ID,Asia,Bali,ID-SS,POINT (-8.6525 115.21912),WITA+08:00
7,1/2/2020,TOKO MAJU TERUS,JAM LOKESWARA,550,5412000,Makasar,106.87699,-6.27608,ID,Asia,Sulawesi Selatan,ID-JT,POINT (-6.27608 106.87699),WITA+08:00
8,1/2/2020,TOKO MAJU TERUS,BATIK LONTARA,140,9800000,Palembang,104.75686,-2.98883,ID,Asia,Sumatera Selatan,ID-JT,POINT (-2.98883 104.75686),WIB+07:00
9,1/3/2020,KOPERASI BRI MELAWI,JAM LOKESWARA,1180,12372300,Semarang,110.42291,-6.9904,ID,Asia,Jawa Tengah,ID-BA,POINT (-6.9904 110.42291),WITA+08:00
10,1/3/2020,KOPERASI BRI MELAWI,JAM WISH,204,2427600,Surakarta,110.82845,-7.56925,ID,Asia,Jawa Tengah,ID-KA,POINT (-7.56925 110.82845),WITA+08:00
11,1/3/2020,KOPERASI BRI MELAWI,BATIK BESUREK,200,1660000,Malang,112.64485,-7.98059,ID,Asia,Jawa Timur,ID-SN,POINT (-7.98059 112.64485),WITA+08:00
12,1/6/2020,TOKO DEB,JAM LOKESWARA,500,4920000,Batam,104.03837,1.10308,ID,Asia,Kepulauan Riau,ID-JI,POINT (1.10308 104.03837),WIB+07:00
13,1/6/2020,TOKO DEB,BATIK LONTARA,100,20000000,Pontianak,109.34475,-0.02269,ID,Asia,Kalimantan Barat, ID-SU,POINT (-0.02269 109.34475),WIB+07:00
14,1/6/2020,TOKO FATHULLAH ZIKRI,JAM LOKESWARA,500,4920000,Padang,100.36326,-0.92476,ID,Asia,Sumatera Barat, ID-YO,POINT (-0.92476 100.36326),WIB+07:00
15,1/6/2020,TOKO FATHULLAH ZIKRI,BATIK LONTARA,110,7700000,Samarinda,117.13931,-0.50178,ID,Asia,Kalimantan Timur, ID-JK,POINT (-0.50178 117.13931),WITA+08:00
16,1/6/2020,TOKO FAHRI,JAM LOKESWARA,200,1968000,Makasar,106.87699,-6.27608,ID,Asia,Sulawesi Selatan, ID-JB,POINT (-6.27608 106.87699),WITA+08:00
17,1/6/2020,TOKO FAHRI,BATIK LONTARA,40,2800000,Lampung,105.0273,-4.8555,ID,Asia,Lampung, ID-SS,POINT (-4.8555 105.0273),WIB+07:00
18,1/7/2020,TOKO KEDAI YUDA,JAM LOKESWARA,250,2621250,Jayapura,140.70374,-2.53875,ID,Asia,Papua, ID-JT,POINT (-2.53875 140.70374),WIT+09:00
19,1/7/2020,TOKO KEDAI YUDA,JAM LOKESWARA,500,4920000,Mataram,116.10685,-8.58377,ID,Asia,Nusa Tenggara Barat, ID-JT,POINT (-8.58377 116.10685),WITA+08:00
20,1/7/2020,TOKO KEDAI YUDA,BATIK LONTARA,60,4200000,Pekanbaru,101.44429,0.51015,ID,Asia,Riau, ID-BA,POINT (0.51015 101.44429),WIB+07:00
21,1/7/2020,TOKO KOPERASI KONSUMEN SYARIAH BERKAH BERSEMI,JAM LOKES,500,4920000,Mataram,116.10685,-8.58377,ID,Asia,Nusa Tenggara Barat, ID-KA,POINT (-8.58377 116.10685),WITA+08:00
22,1/7/2020,TOKO KOPERASI KONSUMEN SYARIAH BERKAH BERSEMI,JAM LOKESWARA,450,4428000,Semarang,110.42291,-6.9904,ID,Asia,Jawa Tengah, ID-SN,POINT (-6.9904 110.42291),WITA+08:00
23,1/7/2020,TOKO KOPERASI KONSUMEN SYARIAH BERKAH BERSEMI,BATIK LONTARA,60,4200000,Surabaya,112.73783,-7.24597,ID,Asia,Jawa Timur, ID-SA,POINT (-7.24597 112.73783),WITA+08:00
24,1/9/2020,Harya Sari,JAM LOKESWARA,200,2097000,Yogyakarta,102.25783,-1.3579,ID,Asia,Yogyakarta, ID-KB,POINT (-1.3579 102.25783),WIB+07:00
25,1/9/2020,Harya Sari,JAM LOKESWARA,600,5904000,Medan,98.67383,3.58967,ID,Asia,Sumatera Utara, ID-PA,POINT (3.58967 98.67383),WIB+07:00
26,1/9/2020,Harya Sari,BATIK LONTARA,100,2000000,Bandung,107.61102,-6.92155,ID,Asia,Jawa Barat, ID-MA,POINT (-6.92155 107.61102),WIB+07:00
27,1/9/2020,Harya Sari,JAM WISH,20,2380000,Jakarta,106.82274,-6.17447,ID,Asia,Jakarta, ID-SB,POINT (-6.17447 106.82274),WIB+07:00
28,1/9/2020,Harya Sari,BATIK BESUREK,70,581000,Denpasar,115.21912,-8.6525,ID,Asia,Bali, ID-SA,POINT (-8.6525 115.21912),WITA+08:00
29,1/10/2020,KOPERASI BRI MELAWI,JAM LOKESWARA,1180,12372300,Semarang,110.42291,-6.9904,ID,Asia,Jawa Tengah, ID-KB,POINT (-6.9904 110.42291),WITA+08:00
30,1/10/2020,KOPERASI BRI MELAWI,JAM WISH,204,2427600,Surakarta,110.82845,-7.56925,ID,Asia,Jawa Tengah, ID-PA,POINT (-7.56925 110.82845),WITA+08:00
31,1/10/2020,KOPERASI BRI MELAWI,BATIK BESUREK,200,1660000,Malang,112.64485,-7.98059,ID,Asia,Jawa Timur, ID-MA,POINT (-7.98059 112.64485),WITA+08:00
32,1/13/2020,TOKO DEB,JAM LOKESWARA,500,4920000,Batam,104.03837,1.10308,ID,Asia,Kepulauan Riau, ID-SB,POINT (1.10308 104.03837),WIB+07:00
33,1/13/2020,TOKO DEB,BATIK LONTARA,100,20000000,Pontianak,109.34475,-0.02269,ID,Asia,Kalimantan Barat, ID-SA,POINT (-0.02269 109.34475),WIB+07:00
34,1/13/2020,TOKO FATHULLAH ZIKRI,JAM LOKESWARA,500,4920000,Padang,100.36326,-0.92476,ID,Asia,Sumatera Barat, ID-KB,POINT (-0.92476 100.36326),WIB+07:00
35,1/13/2020,TOKO FATHULLAH ZIKRI,BATIK LONTARA,110,7700000,Samarinda,117.13931,-0.50178,ID,Asia,Kalimantan Timur, ID-PA,POINT (-0.50178 117.13931),WITA+08:00
36,1/13/2020,TOKO FAHRI,JAM LOKESWARA,200,1968000,Makasar,106.87699,-6.27608,ID,Asia,Sulawesi Selatan, ID-MA,POINT (-6.27608 106.87699),WITA+08:00
37,1/13/2020,TOKO FAHRI,BATIK LONTARA,40,2800000,Lampung,105.0273,-4.8555,ID,Asia,Lampung, ID-SB,POINT (-4.8555 105.0273),WIB+07:00
38,1/14/2020,TOKO KEDAI YUDA,JAM LOKESWARA,250,2621250,Jayapura,140.70374,-2.53875,ID,Asia,Papua, ID-SA,POINT (-2.53875 140.70374),WIT+09:00
39,1/14/2020,TOKO KEDAI YUDA,JAM LOKESWARA,500,4920000,Mataram,116.10685,-8.58377,ID,Asia,Nusa Tenggara Barat, ID-KB,POINT (-8.58377 116.10685),WITA+08:00
40,1/14/2020,TOKO KEDAI YUDA,BATIK LONTARA,60,4200000,Pekanbaru,101.44429,0.51015,ID,Asia,Riau, ID-PA,POINT (0.51015 101.44429),WIB+07:00
41,1/10/2020,Warung Nak Zihan,BATIK LONTARA,100,2000000,Bandung,107.61102,-6.92155,ID,Asia,Jawa Barat, ID-MA,POINT (-6.92155 107.61102),WIB+07:00
42,1/10/2020,Warung Nak Zihan,JAM WISH,84,999600,Semarang,110.42291,-6.9904,ID,Asia,Jawa Tengah, ID-SB,POINT (-6.9904 110.42291),WITA+08:00
43,1/10/2020,Warung Nak Zihan,BATIK BESUREK,60,498000,Surabaya,112.73783,-7.24597,ID,Asia,Jawa Timur, ID-SA,POINT (-7.24597 112.73783),WITA+08:00
44,1/13/2020,TOKO MUNIR,JAM LOKESWARA,300,3145500,Jakarta,106.82274,-6.17447,ID,Asia,DKI Jakarta, ID-KB,POINT (-6.17447 106.82274),WIB+07:00
45,1/13/2020,TOKO MUNIR,BATIK LONTARA,120,8400000,Surabaya,112.73783,-7.24597,ID,Asia,Jawa Timur, ID-PA,POINT (-7.24597 112.73783),WITA+08:00
46,1/13/2020,TOKO KARYA BINJAI,JAM LOKESWARA,200,2097000,Medan,98.67383,3.58967,ID,Asia,Sumatera Utara, ID-MA,POINT (3.58967 98.67383),WIB+07:00
47,1/13/2020,TOKO KARYA BINJAI,BATIK LONTARA,80,5600000,Pontianak,109.34475,-0.02269,ID,Asia,Kalimantan Barat, ID-SB,POINT (-0.02269 109.34475),WIB+07:00
48,1/13/2020,TOKO KIAN KIONG ,JAM LOKESWARA,1000,10500000,Denpasar,115.21912,-8.6525,ID,Asia,Bali, ID-SA,POINT (-8.6525 115.21912),WITA+08:00
49,1/13/2020,TOKO ANDREAS INDAH ,JAM LOKESWARA,7000,73500000,Makasar,106.87699,-6.27608,ID,Asia,Sulawesi Selatan, ID-KB,POINT (-6.27608 106.87699),WITA+08:00
50,1/13/2020,TOKO KHET MEN ,JAM LOKESWARA,1000,10500000,Bandung,107.61102,-6.92155,ID,Asia,Jawa Barat, ID-PA,POINT (-6.92155 107.61102),WIB+07:00
51,1/13/2020,TOKO NURDIAH ,JAM LOKESWARA,2500,26250000,Surabaya,112.73783,-7.24597,ID,Asia,Jawa Timur, ID-MA,POINT (-7.24597 112.73783),WITA+08:00
52,1/14/2020,KARUNIA,JAM LOKESWARA,500,4920000,Yogyakarta,102.25783,-1.3579,ID,Asia,Yogyakarta, ID-SB,POINT (-1.3579 102.25783),WIB+07:00
53,1/14/2020,KARUNIA,BATIK LONTARA,20,1400000,Bandung,107.61102,-6.92155,ID,Asia,Jawa Barat, ID-SA,POINT (-6.92155 107.61102),WIB+07:00
54,1/16/2020,TOKO REVAN,JAM LOKESWARA,550,5412000,Jakarta,106.82274,-6.17447,ID,Asia,DKI Jakarta, ID-KB,POINT (-6.17447 106.82274),WIB+07:00
55,1/16/2020,TOKO REVAN,BATIK LONTARA,40,2800000,Surabaya,112.73783,-7.24597,ID,Asia,Jawa Timur, ID-PA,POINT (-7.24597 112.73783),WITA+08:00
56,1/16/2020,TOKO DOA IBU,JAM LOKESWARA,500,4920000,Bandung,107.61102,-6.92155,ID,Asia,Jawa Barat, ID-MA,POINT (-6.92155 107.61102),WIB+07:00
57,1/16/2020,TOKO DOA IBU,BATIK LONTARA,35,2450000,Pontianak,109.34475,-0.02269,ID,Asia,Kalimantan Barat, ID-SB,POINT (-0.02269 109.34475),WIB+07:00
58,1/20/2020,SAHABAT ANDA,JAM LOKESWARA,900,8856000,Jakarta,106.82274,-6.17447,ID,Asia,DKI Jakarta, ID-SA,POINT (-6.17447 106.82274),WIB+07:00
59,1/20/2020,SAHABAT ANDA,BATIK LONTARA,60,4200000,Surabaya,112.73783,-7.24597,ID,Asia,Jawa Timur, ID-KB,POINT (-7.24597 112.73783),WITA+08:00
60,1/20/2020,SAHABAT ANDA,BATIK BESUREK,60,498000,Makasar,106.87699,-6.27608,ID,Asia,Sulawesi Selatan, ID-PA,POINT (-6.27608 106.87699),WITA+08:00
61,1/20/2020,TOKO AQIL,JAM LOKESWARA,800,7872000,Bandung,107.61102,-6.92155,ID,Asia,Jawa Barat, ID-MA,POINT (-6.92155 107.61102),WIB+07:00
62,1/20/2020,TOKO AQIL,BATIK LONTARA,50,3500000,Surabaya,112.73783,-7.24597,ID,Asia,Jawa Timur, ID-SB,POINT (-7.24597 112.73783),WITA+08:00
63,1/20/2020,TOKO AQIL,BATIK BESUREK,40,332000,Yogyakarta,102.25783,-1.3579,ID,Asia,Yogyakarta,,POINT (-1.3579 102.25783),WIB+07:00
64,1/20/2020,TOKO ABIZAR,JAM LOKESWARA,700,6888000,Medan,98.67383,3.58967,ID,Asia,Sumatera Utara,,POINT (3.58967 98.67383),WIB+07:00
65,1/21/2020,TOKO SARDIYANTO ,JAM LOKESWARA,500,5250000,Jakarta,106.82274,-6.17447,ID,Asia,DKI Jakarta,,POINT (-6.17447 106.82274),WIB+07:00
66,1/21/2020,TOKO DIDIK PRIOJADMIKO ,JAM LOKESWARA,750,7875000,Bandung,107.61102,-6.92155,ID,Asia,Jawa Barat,,POINT (-6.92155 107.61102),WIB+07:00
67,1/21/2020,TOKO KIAN KIONG ,JAM LOKESWARA,2000,21000000,Surabaya,112.73783,-7.24597,ID,Asia,Jawa Timur,,POINT (-7.24597 112.73783),WITA+08:00
68,1/21/2020,TOKO ANDREAS INDAH ,JAM LOKESWARA,4000,7400000,Makasar,106.87699,-6.27608,ID,Asia,Sulawesi Selatan,,POINT (-6.27608 106.87699),WITA+08:00
69,1/21/2020,TOKO EKA SAPUTRA JAYA ,JAM LOKESWARA,1000,10500000,Pontianak,109.34475,-0.02269,ID,Asia,Kalimantan Barat,,POINT (-0.02269 109.34475),WIB+07:00
70,1/21/2020,TOKO FAKHLI HARUDI ,JAM LOKESWARA,2400,25200000,Denpasar,115.21912,-8.6525,ID,Asia,Bali,,POINT (-8.6525 115.21912),WITA+08:00
71,1/22/2020,ANDY,JAM LOKESWARA,250,2460000,Jakarta,106.82274,-6.17447,ID,Asia,DKI Jakarta,,POINT (-6.17447 106.82274),WIB+07:00
72,1/22/2020,ANDY,BATIK LONTARA,100,2000000,Surabaya,112.73783,-7.24597,ID,Asia,Jawa Timur,,POINT (-7.24597 112.73783),WITA+08:00
73,1/22/2020,TOKO IFAL,JAM LOKESWARA,250,2460000,Bandung,107.61102,-6.92155,ID,Asia,Jawa Barat,,POINT (-6.92155 107.61102),WIB+07:00
74,1/22/2020,TOKO IFAL,BATIK LONTARA,100,2000000,Yogyakarta,102.25783,-1.3579,ID,Asia,Yogyakarta,,POINT (-1.3579 102.25783),WIB+07:00
75,1/22/2020,Langkah Jaya,JAM LOKESWARA,200,1968000,Medan,98.67383,3.58967,ID,Asia,Sumatera Utara,,POINT (3.58967 98.67383),WIB+07:00
76,1/22/2020,Langkah Jaya,BATIK LONTARA,100,2000000,Pontianak,109.34475,-0.02269,ID,Asia,Kalimantan Barat,,POINT (-0.02269 109.34475),WIB+07:00
77,1/23/2020,TOKO ANDRI SUGIANTO ,JAM LOKESWARA,10000,2500000,Jakarta,106.82274,-6.17447,ID,Asia,DKI Jakarta,,POINT (-6.17447 106.82274),WIB+07:00
78,1/23/2020,TOKO JESAYA GINTING ,JAM LOKESWARA,10000,2500000,Bandung,107.61102,-6.92155,ID,Asia,Jawa Barat,,POINT (-6.92155 107.61102),WIB+07:00
79,1/27/2020,TOKO HIDAYAH,JAM LOKESWARA,600,5904000,Surabaya,112.73783,-7.24597,ID,Asia,Jawa Timur,,POINT (-7.24597 112.73783),WITA+08:00
80,1/27/2020,TOKO HIDAYAH,BATIK LONTARA,80,5600000,Makasar,106.87699,-6.27608,ID,Asia,Sulawesi Selatan,,POINT (-6.27608 106.87699),WITA+08:00
81,2/5/2020,TOKO YENNI SUSILAWATI,JAM LOKESWARA,1000,10500000,Surabaya,112.73783,-7.24597,ID,Asia,Jakarta,,POINT (-7.24597 112.73783),WIB+07:00
82,2/5/2020,TOKO HARYATI,JAM LOKESWARA,18000,3100000,Yogyakarta,102.25783,-1.3579,ID,Asia,Jakarta,,POINT (-1.3579 102.25783),WIB+07:00
83,2/5/2020,TOKO DIANA RISTA,JAM LOKESWARA,2000,21000000,Medan,98.67383,3.58967,ID,Asia,Jakarta,,POINT (3.58967 98.67383),WIB+07:00
84,2/5/2020,TOKO WARUNG SANTI,JAM LOKESWARA,540,5607900,Pontianak,109.34475,-0.02269,ID,Asia,Pontianak,,POINT (-0.02269 109.34475),WIB+07:00
85,2/5/2020,TOKO ANDREAS INDAH,JAM LOKESWARA,75,5250000,Denpasar,115.21912,-8.6525,ID,Asia,Makassar,,POINT (-8.6525 115.21912),WITA+08:00
86,2/6/2020,TOKO JESAYA GINTING,JAM LOKESWARA,500,5192500,Jakarta,106.82274,-6.17447,ID,Asia,Jakarta,,POINT (-6.17447 106.82274),WIB+07:00
87,2/6/2020,TOKO ENDANG SUSILAWATI,BATIK LONTARA,75,5250000,Bandung,107.61102,-6.92155,ID,Asia,Jakarta,,POINT (-6.92155 107.61102),WIB+07:00
88,2/6/2020,TOKO DIDIK PRIOJADMIKO,JAM LOKESWARA,1000,10500000,Surabaya,112.73783,-7.24597,ID,Asia,Jakarta,,POINT (-7.24597 112.73783),WIB+07:00
89,2/6/2020,TOKO BOB-i,JAM LOKESWARA,18000,3100000,Yogyakarta,102.25783,-1.3579,ID,Asia,Jakarta,,POINT (-1.3579 102.25783),WIB+07:00
90,2/6/2020,TOKO ANDREAS INDAH,JAM LOKESWARA,2000,21000000,Medan,98.67383,3.58967,ID,Asia,Jakarta,,POINT (3.58967 98.67383),WIB+07:00
91,2/7/2020,TOKO JAYA MAKMUR,JAM LOKESWARA,540,5607900,Pontianak,109.34475,-0.02269,ID,Asia,Pontianak,,POINT (-0.02269 109.34475),WIB+07:00
92,2/7/2020,TOKO JAYA MAKMUR,BATIK LONTARA,200,4500000,Denpasar,115.21912,-8.6525,ID,Asia,Makassar,,POINT (-8.6525 115.21912),WITA+08:00
93,2/7/2020,TOKO BERKAH DUA PUTRA,JAM LOKESWARA,15000,157500000,Jakarta,106.82274,-6.17447,ID,Asia,Jakarta,,POINT (-6.17447 106.82274),WIB+07:00
94,2/7/2020,TOKO ENDANG SUSILAWATI,JAM LOKESWARA,6000,6000000,Bandung,107.61102,-6.92155,ID,Asia,Jakarta,,POINT (-6.92155 107.61102),WIB+07:00
95,2/7/2020,TOKO WARUNG SANTI,JAM LOKESWARA,1000,10500000,Surabaya,112.73783,-7.24597,ID,Asia,Jakarta,,POINT (-7.24597 112.73783),WIB+07:00
96,2/7/2020,TOKO WARUNG SANTI,BATIK LONTARA,600,5904000,Yogyakarta,102.25783,-1.3579,ID,Asia,Jakarta,,POINT (-1.3579 102.25783),WIB+07:00
97,2/8/2020,TOKO YENNI SUSILAWATI,JAM LOKESWARA,80,840000,Yogyakarta,102.25783,-1.3579,ID,Asia,Jakarta,,POINT (-1.3579 102.25783),WIB+07:00
98,2/8/2020,TOKO HARYATI,JAM LOKESWARA,1800,18900000,Medan,98.67383,3.58967,ID,Asia,Jakarta,,POINT (3.58967 98.67383),WIB+07:00
99,2/8/2020,TOKO ANDREAS INDAH,JAM LOKESWARA,3000,31500000,Pontianak,109.34475,-0.02269,ID,Asia,Pontianak,,POINT (-0.02269 109.34475),WIB+07:00
100,2/8/2020,TOKO DIANA RISTA,JAM LOKESWARA,2000,21000000,Denpasar,115.21912,-8.6525,ID,Asia,Makassar,,POINT (-8.6525 115.21912),WITA+08:00
101,2/9/2020,TOKO WARUNG SANTI,JAM LOKESWARA,540,5607900,Jakarta,106.82274,-6.17447,ID,Asia,Jakarta,,POINT (-6.17447 106.82274),WIB+07:00
102,2/9/2020,TOKO WARUNG SANTI,BATIK LONTARA,200,4500000,Surabaya,112.73783,-7.24597,ID,Asia,Jakarta,,POINT (-7.24597 112.73783),WIB+07:00
103,2/9/2020,TOKO JESAYA GINTING,JAM LOKESWARA,15000,157500000,Bandung,107.61102,-6.92155,ID,Asia,Jakarta,,POINT (-6.92155 107.61102),WIB+07:00
104,2/9/2020,TOKO ENDANG SUSILAWATI,JAM LOKESWARA,6000,6000000,Yogyakarta,102.25783,-1.3579,ID,Asia,Jakarta,,POINT (-1.3579 102.25783),WIB+07:00
105,2/9/2020,TOKO DIDIK PRIOJADMIKO,JAM LOKESWARA,1000,10500000,Medan,98.67383,3.58967,ID,Asia,Jakarta,,POINT (3.58967 98.67383),WIB+07:00
106,2/9/2020,TOKO BOB-i,JAM LOKESWARA,600,5904000,Pontianak,109.34475,-0.02269,ID,Asia,Pontianak,,POINT (-0.02269 109.34475),WIB+07:00
107,2/9/2020,TOKO ANDREAS INDAH,BATIK LONTARA,80,5600000,Denpasar,115.21912,-8.6525,ID,Asia,Makassar,,POINT (-8.6525 115.21912),WITA+08:00
108,2/10/2020,TOKO JAYA MAKMUR,JAM LOKESWARA,1000,10500000,Jakarta,106.82274,-6.17447,ID,Asia,Jakarta,,POINT (-6.17447 106.82274),WIB+07:00
109,2/10/2020,TOKO JAYA MAKMUR,BATIK LONTARA,200,4500000,Surabaya,112.73783,-7.24597,ID,Asia,Jakarta,,POINT (-7.24597 112.73783),WIB+07:00
110,2/10/2020,TOKO BERKAH DUA PUTRA,JAM LOKESWARA,15000,157500000,Yogyakarta,102.25783,-1.3579,ID,Asia,Jakarta,,POINT (-1.3579 102.25783),WIB+07:00
111,2/10/2020,TOKO ENDANG SUSILAWATI,JAM LOKESWARA,6000,6000000,Medan,98.67383,3.58967,ID,Asia,Jakarta,,POINT (3.58967 98.67383),WIB+07:00
112,2/10/2020,TOKO WARUNG SANTI,JAM LOKESWARA,1000,10500000,Pontianak,109.34475,-0.02269,ID,Asia,Pontianak,,POINT (-0.02269 109.34475),WIB+07:00
113,2/10/2020,TOKO WARUNG SANTI,BATIK LONTARA,600,5904000,Denpasar,115.21912,-8.6525,ID,Asia,Makassar,,POINT (-8.6525 115.21912),WITA+08:00
114,2/11/2020,TOKO YENNI SUSILAWATI,JAM LOKESWARA,80,840000,Jakarta,106.82274,-6.17447,ID,Asia,Jakarta,,POINT (-6.17447 106.82274),WIB+07:00
115,2/11/2020,TOKO HARYATI,JAM LOKESWARA,1800,18900000,Surabaya,112.73783,-7.24597,ID,Asia,Jakarta,,POINT (-7.24597 112.73783),WIB+07:00
116,2/11/2020,TOKO ANDREAS INDAH,JAM LOKESWARA,3000,31500000,Yogyakarta,102.25783,-1.3579,ID,Asia,Jakarta,,POINT (-1.3579 102.25783),WIB+07:00
117,2/11/2020,TOKO DIANA RISTA,JAM LOKESWARA,2000,21000000,Medan,98.67383,3.58967,ID,Asia,Jakarta,,POINT (3.58967 98.67383),WIB+07:00
118,2/11/2020,TOKO JESAYA GINTING,JAM LOKESWARA,15000,157500000,Pontianak,109.34475,-0.02269,ID,Asia,Pontianak,,POINT (-0.02269 109.34475),WIB+07:00
119,2/11/2020,TOKO ENDANG SUSILAWATI,JAM LOKESWARA,6000,6000000,Denpasar,115.21912,-8.6525,ID,Asia,Makassar,,POINT (-8.6525 115.21912),WITA+08:00
120,2/11/2020,TOKO DIDIK PRIOJADMIKO,JAM LOKESWARA,1000,10500000,Jakarta,106.82274,-6.17447,ID,Asia,Jakarta,,POINT (-6.17447 106.82274),WIB+07:00
121,2/6/2020,TOKO DIANA RISTA,JAM LOKESWARA,6000,6000000,Surabaya,112.73783,-7.24597,Indonesia,Asia,Java,ID,POINT (-7.24597 112.73783),WIT+07:00
122,2/6/2020,TOKO FAKHLI HARUDI,JAM LOKESWARA,5600,58800000,Bandung,107.61102,-6.92155,Indonesia,Asia,Java,ID,POINT (-6.92155 107.61102),WIT+07:00
123,2/7/2020,TOKO ODONG SOBARI,JAM LOKESWARA,3000,31500000,Medan,98.67383,3.58967,Indonesia,Asia,Sumatra,ID,POINT (3.58967 98.67383),WIT+07:00
124,2/7/2020,TOKO CUCUM,JAM LOKESWARA,1500,15750000,Semarang,110.42291,-6.9904,Indonesia,Asia,Java,ID,POINT (-6.9904 110.42291),WIT+07:00
125,2/7/2020,TOKO KHET MEN,JAM LOKESWARA,1000,10500000,Makassar,106.87699,-6.27608,Indonesia,Asia,Sulawesi,ID,POINT (-6.27608 106.87699),WITA+08:00
126,2/7/2020,TOKO JESAYA GINTING,JAM LOKESWARA,10000,2500000,Palembang,104.75686,-2.98883,Indonesia,Asia,Sumatra,ID,POINT (-2.98883 104.75686),WIT+07:00
127,2/7/2020,TOKO SRI WAHYUNI,JAM LOKESWARA,500,5250000,Depok,106.81584,-6.40719,Indonesia,Asia,Java,ID,POINT (-6.40719 106.81584),WIT+07:00
128,2/10/2020,TOKO DEWI AFRITA,JAM LOKESWARA,5000,52500000,Tangerang,106.63822,-6.17619,Indonesia,Asia,Java,ID,POINT (-6.17619 106.63822),WIT+07:00
129,2/10/2020,TOKO AANG DARMAWAN,JAM LOKESWARA,750,7875000,Bekasi,106.99454,-6.23499,Indonesia,Asia,Java,ID,POINT (-6.23499 106.99454),WIT+07:00
130,2/10/2020,TOKO DIDIK PRIOJADMIKO,JAM LOKESWARA,1500,15750000,Batam,104.03837,1.10308,Indonesia,Asia,Riau Islands,ID,POINT (1.10308 104.03837),WIT+07:00
131,2/10/2020,TOKO ENDANG HARTATI,JAM LOKESWARA,1500,15750000,Padang,100.36326,-0.92476,Indonesia,Asia,Sumatra,ID,POINT (-0.92476 100.36326),WIT+07:00
132,2/10/2020,TOKO FAKHLI HARUDI,JAM LOKESWARA,8000,12000000,Lampung,105.0273,-4.8555,Indonesia,Asia,Sumatra,ID,POINT (-4.8555 105.0273),WIT+07:00
133,2/11/2020,TOKO RIZKI SAKYAH,JAM LOKESWARA,750,7367250,Jakarta,106.82274,-6.17447,Indonesia,Asia,Java,ID,POINT (-6.17447 106.82274),WIT+07:00
134,2/11/2020,TOKO RIZKI SAKYAH,BATIK LONTARA,20,1400000,Bandung,107.61102,-6.92155,Indonesia,Asia,Java,ID,POINT (-6.92155 107.61102),WIT+07:00
135,2/11/2020,TOKO RIZKI SAKYAH,JAM WISH,60,714000,Surabaya,112.73783,-7.24597,Indonesia,Asia,Java,ID,POINT (-7.24597 112.73783),WIT+07:00
136,2/11/2020,TOKO RIZKI SAKYAH,BATIK BESUREK,20,166000,Semarang,110.42291,-6.9904,Indonesia,Asia,Java,ID,POINT (-6.9904 110.42291),WIT+07:00
137,2/12/2020,TOKO RAHMAD,JAM LOKESWARA,1000,9823000,Depok,106.81584,-6.40719,Indonesia,Asia,Java,ID,POINT (-6.40719 106.81584),WIT+07:00
138,2/12/2020,TOKO RAHMAD,BATIK LONTARA,20,1400000,Bandung,107.61102,-6.92155,Indonesia,Asia,Java,ID,POINT (-6.92155 107.61102),WIT+07:00
139,2/13/2020,TOKO SUKA SUKA,JAM LOKESWARA,800,7858400,Medan,98.67383,3.58967,Indonesia,Asia,Sumatra,ID,POINT (3.58967 98.67383),WIT+07:00
140,2/14/2020,TOKO YOGI,JAM LOKESWARA,850,8349550,Jakarta,106.82274,-6.17447,Indonesia,Asia,Java,ID,POINT (-6.17447 106.82274),WIT+07:00
141,2/17/2020,TOKO IRVA,JAM LOKESWARA,850,8349550,Jakarta,106.82274,-6.17447,Indonesia,Asia,Java,ID,POINT (-6.17447 106.82274),WIT+07:00
142,2/17/2020,TOKO IRVA,BATIK LONTARA,20,1400000,Bandung,107.61102,-6.92155,Indonesia,Asia,Java,ID,POINT (-6.92155 107.61102),WIT+07:00
143,2/18/2020,Ummi,JAM LOKESWARA,750,7300000,Surabaya,112.73783,-7.24597,Indonesia,Asia,Java,ID,POINT (-7.24597 112.73783),WIT+07:00
144,2/19/2020,TOKO TOPIN,JAM LOKESWARA,850,8349550,Jakarta,106.82274,-6.17447,Indonesia,Asia,Java,ID,POINT (-6.17447 106.82274),WIT+07:00
145,2/19/2020,TOKO DHEMA,JAM LOKESWARA,750,7367250,Jakarta,106.82274,-6.17447,Indonesia,Asia,Java,ID,POINT (-6.17447 106.82274),WIT+07:00
146,2/20/2020,TOKO SIGID PAMBUDI,JAM LOKESWARA,2000,12000000,Lampung,105.0273,-4.8555,Indonesia,Asia,Sumatra,ID,POINT (-4.8555 105.0273),WIT+07:00
147,2/20/2020,TOKO SYARBINUS PANGKAS,JAM LOKESWARA,8000,12000000,Denpasar,115.21912,-8.6525,Indonesia,Asia,Bali,ID,POINT (-8.6525 115.21912),WITA+08:00
148,2/20/2020,TOKO SUKARDI,JAM LOKESWARA,7300,76650000,Banjarmasin,114.59258,-3.31875,Indonesia,Asia,Kalimantan,ID,POINT (-3.31875 114.59258),WITA+08:00
149,2/20/2020,TOKO ANDRI SUGIANTO,JAM LOKESWARA,15000,157500000,Makassar,106.87699,-6.27608,Indonesia,Asia,Sulawesi,ID,POINT (-6.27608 106.87699),WITA+08:00
150,2/20/2020,TOKO SRI WAHYUNI,JAM LOKESWARA,1000,10500000,Surabaya,112.73783,-7.24597,Indonesia,Asia,Java,ID,POINT (-7.24597 112.73783),WIT+07:00
151,2/20/2020,TOKO AGUSTINUS,JAM LOKESWARA,6400,67200000,Medan,98.67383,3.58967,Indonesia,Asia,Sumatra,ID,POINT (3.58967 98.67383),WIT+07:00
152,2/20/2020,TOKO ARI YANTO,JAM LOKESWARA,3600,37800000,Yogyakarta,102.25783,-1.3579,Indonesia,Asia,Java,ID,POINT (-1.3579 102.25783),WIT+07:00
153,2/20/2020,TOKO SAPARNI,JAM LOKESWARA,4800,50400000,Jakarta,106.82274,-6.17447,Indonesia,Asia,Java,ID,POINT (-6.17447 106.82274),WIT+07:00
154,2/20/2020,TOKO SIMON SUMARDI,JAM LOKESWARA,1300,13650000,Bandung,107.61102,-6.92155,Indonesia,Asia,Java,ID,POINT (-6.92155 107.61102),WIT+07:00
155,2/20/2020,TOKO EKO BUDI WINASIS,JAM LOKESWARA,1020,10710000,Palembang,104.75686,-2.98883,Indonesia,Asia,Sumatra,ID,POINT (-2.98883 104.75686),WIT+07:00
156,2/20/2020,TOKO HERI HARYANTO,JAM LOKESWARA,1000,10500000,Semarang,110.42291,-6.9904,Indonesia,Asia,Java,ID,POINT (-6.9904 110.42291),WIT+07:00
157,2/20/2020,TOKO EKA SAPUTRA JAYA,JAM LOKESWARA,5000,52500000,Surakarta,110.82845,-7.56925,Indonesia,Asia,Java,ID,POINT (-7.56925 110.82845),WIT+07:00
158,2/21/2020,TOKO FEBRIANTI INDAH LESTARI,JAM LOKESWARA,3500,36750000,Denpasar,115.21912,-8.6525,Indonesia,Asia,Bali,ID,POINT (-8.6525 115.21912),WITA+08:00
159,2/21/2020,TOKO ENDANG SUSILAWATI,JAM LOKESWARA,18000,3100000,Banjarmasin,114.59258,-3.31875,Indonesia,Asia,Kalimantan,ID,POINT (-3.31875 114.59258),WITA+08:00
160,2/21/2020,TOKO DEWI AFRITA,JAM LOKESWARA,5000,52500000,Makassar,106.87699,-6.27608,Indonesia,Asia,Sulawesi,ID,POINT (-6.27608 106.87699),WITA+08:00
161,2/21/2020,TOKO DIANA RISTA ,JAM LOKESWARA,4000,7400000,Surabaya,-7.24597,112.73783,Indonesia,Asia,East Java,ID,POINT (112.73783 -7.24597),UTC+07:00
162,2/21/2020,TOKO NURFADILAH ,JAM LOKESWARA,5500,57750000,Medan,3.58967,98.67383,Indonesia,Asia,North Sumatra,ID,POINT (98.67383 3.58967),UTC+07:00
163,2/21/2020,TOKO MARDIUS ,JAM LOKESWARA,2000,2.10E+07,Yogyakarta,-1.3579,102.25783,Indonesia,Asia,Yogyakarta Special Region,ID,POINT (102.25783 -1.3579),UTC+07:00
164,2/21/2020,TOKO ANTONIUS ,JAM LOKESWARA,10000,2500000,Jakarta,-6.17447,106.82274,Indonesia,Asia,Special Capital Region of Jakarta,ID,POINT (106.82274 -6.17447),UTC+07:00
165,2/25/2020,TOKO BERKAT USAHA,JAM LOKESWARA,700,6876100,Bandung,-6.92155,107.61102,Indonesia,Asia,West Java,ID,POINT (107.61102 -6.92155),UTC+07:00
166,2/25/2020,TOKO BERKAT USAHA,BATIK LONTARA,120,8400000,palembang,-2.98883,104.75686,Indonesia,Asia,South Sumatra,ID,POINT (104.75686 -2.98883),UTC+07:00
167,2/25/2020,TOKO BERKAT USAHA,JAM WISH,108,1285200,Semarang,-6.9904,110.42291,Indonesia,Asia,Central Java,ID,POINT (110.42291 -6.9904),UTC+07:00
168,2/25/2020,TOKO BERKAT USAHA,BATIK BESUREK,80,664000,Surakarta,-7.56925,110.82845,Indonesia,Asia,Central Java,ID,POINT (110.82845 -7.56925),UTC+07:00
169,2/25/2020,TOKO SILVIANA ,JAM LOKESWARA,500,4911500,Denpasar,-8.6525,115.21912,Indonesia,Asia,Bali,ID,POINT (115.21912 -8.6525),UTC+08:00
170,2/25/2020,TOKO SILVIANA ,BATIK LONTARA,80,5600000,Banjarmasin,-3.31875,114.59258,Indonesia,Asia,South Kalimantan,ID,POINT (114.59258 -3.31875),UTC+08:00
171,2/25/2020,TOKO SILVIANA ,JAM WISH,84,999600,Makasar,-6.27608,106.87699,Indonesia,Asia,South Sulawesi,ID,POINT (106.87699 -6.27608),UTC+08:00
172,2/25/2020,TOKO SILVIANA ,BATIK BESUREK,40,332000,Surabaya,-7.24597,112.73783,Indonesia,Asia,East Java,ID,POINT (112.73783 -7.24597),UTC+07:00
173, 2020-02-25, TOKO KIAN KIONG, JAM LOKESWARA,4000,7400000, Medan,3.58967,98.67383,Indonesia, Asia, Sumatera Utara,ID,POINT (98.67383 3.58967), UTC+07:00
174, 2020-02-25, TOKO KHET MEN, JAM LOKESWARA,1000,10500000, Yogyakarta,-1.3579,102.25783,Indonesia, Asia, Yogyakarta,ID,POINT (102.25783 -1.3579), UTC+07:00
175, 2020-02-25, TOKO YENNI SUSILAWATI, JAM LOKESWARA,1500,15750000, Jakarta,-6.17447,106.82274,Indonesia, Asia, DKI Jakarta,ID,POINT (106.82274 -6.17447), UTC+07:00
176, 2020-02-25, TOKO KARDI, JAM LOKESWARA,2600,27300000, Bandung,-6.92155,107.61102,Indonesia, Asia, Jawa Barat,ID,POINT (107.61102 -6.92155), UTC+07:00
177, 2020-02-25, TOKO SUNDARIANTO, JAM LOKESWARA,900,9450000, Palembang,-2.98883,104.75686,Indonesia, Asia, Sumatera Selatan,ID,POINT (104.75686 -2.98883), UTC+07:00
178, 2020-02-25, TOKO QOYIM MASYAHARI, JAM LOKESWARA,500,5250000, Semarang,-6.9904,110.42291,Indonesia, Asia, Jawa Tengah,ID,POINT (110.42291 -6.9904), UTC+07:00
179, 2020-02-25, TOKO HENI LAY, JAM LOKESWARA,1000,10500000, Surakarta,-7.56925,110.82845,Indonesia, Asia, Jawa Tengah,ID,POINT (110.82845 -7.56925), UTC+07:00
180, 2020-02-25, TOKO SOFIAN, JAM LOKESWARA,3000,31500000, Denpasar,-8.6525,115.21912,Indonesia, Asia, Bali,ID,POINT (115.21912 -8.6525), UTC+08:00
181, 2020-02-26, TOKO M. FAHRIZA, JAM LOKESWARA,400,3929200, Banjarmasin,-3.31875,114.59258,Indonesia, Asia, Kalimantan Selatan,ID,POINT (114.59258 -3.31875), UTC+08:00
182, 2020-02-26, TOKO M. FAHRIZA, BATIK LONTARA,140,9800000, Makasar,-6.27608,106.87699,Indonesia, Asia, Sulawesi Selatan,ID,POINT (106.87699 -6.27608), UTC+08:00
183, 2020-03-26, MEKAR SARI, JAM LOKESWARA,600,5893800, Manado,1.49006,124.84087,Indonesia, Asia, Sulawesi Utara,ID,POINT (124.84087 1.49006), UTC+08:00
184, 2020-04-26, MEKAR SARI, BATIK LONTARA,160,11200000, Pontianak,-0.02269,109.34475,Indonesia, Asia, Kalimantan Barat,ID,POINT (109.34475 -0.02269), UTC+07:00
185, 2020-05-26, YAYASAN KESEJAHTERAAN PEGAWAI (YKP) BNI, JAM LOKESWARA,400,4800000, Jayapura,-2.53875,140.70374,Indonesia, Asia, Papua,ID,POINT (140.70374 -2.53875), UTC+09:00
186, 2020-06-26, YAYASAN KESEJAHTERAAN PEGAWAI (YKP) BNI, JAM LOKESWARA,160,3680000, Ambon,-3.69594,128.17879,Indonesia, Asia, Maluku,ID,POINT (128.17879 -3.69594), UTC+09:00
187, 2020-07-27, YAYASAN KESEJAHTERAAN PEGAWAI (YKP) BNI, JAM LOKESWARA,4,92000, Padang,-0.92476,100.36326,Indonesia, Asia, Sumatera Barat,ID,POINT (100.36326 -0.92476), UTC+07:00
188, 2020-08-27, ANAPSA, JAM LOKESWARA,500,4911500, Manado,1.49006,124.84087,Indonesia, Asia, Sulawesi Utara,ID,POINT (124.84087 1.49006), UTC+08:00
189, 2020-09-27, ANAPSA, BATIK LONTARA,100,2000000, Pontianak,-0.02269,109.34475,Indonesia, Asia, Kalimantan Barat,ID,POINT (109.34475 -0.02269), UTC+07:00
190, 2020-10-27, TOKO BU YULI, JAM LOKESWARA,700,6876100, Jayapura,-2.53875,140.70374,Indonesia, Asia, Papua,ID,POINT (140.70374 -2.53875), UTC+09:00
191, 2020-11-27, TOKO BU YULI, BATIK LONTARA,120,8400000, Ambon,-3.69594,128.17879,Indonesia, Asia, Maluku,ID,POINT (128.17879 -3.69594), UTC+09:00
192, 2020-12-27, TOKO BU YULI, JAM WISH,120,1428000, Padang,-0.92476,100.36326,Indonesia, Asia, Sumatera Barat,ID,POINT (100.36326 -0.92476), UTC+07:00
193, 2021-01-27, TOKO BU YULI, BATIK BESUREK,100,830000, Manado,1.49006,124.84087,Indonesia, Asia, Sulawesi Utara,ID,POINT (124.84087 1.49006), UTC+08:00
194, 2021-02-03, TOKO SIDAK, JAM LOKESWARA,100,1030000, Pontianak,-0.02269,109.34475,Indonesia, Asia, Kalimantan Barat,ID,POINT (109.34475 -0.02269), UTC+07:00
195, 2021-03-03, TOKO SIDAK, JAM LOKESWARA,850,8340200, Jayapura,-2.53875,140.70374,Indonesia, Asia, Papua,ID,POINT (140.70374 -2.53875), UTC+09:00
196, 2021-04-03, TOKO SIDAK, BATIK LONTARA,40,2800000, Ambon,-3.69594,128.17879,Indonesia, Asia, Maluku,ID,POINT (128.17879 -3.69594), UTC+09:00
197, 2021-05-03, TOKO SIDAK, JAM WISH,144,1713600, Padang,-0.92476,100.36326,Indonesia, Asia, Sumatera Barat,ID,POINT (100.36326 -0.92476), UTC+07:00
198, 2021-06-03, TOKO ANUGRAH, JAM LOKESWARA,240,2448000, Manado,1.49006,124.84087,Indonesia, Asia, Sulawesi Utara,ID,POINT (124.84087 1.49006), UTC+08:00
199, 2021-07-03, TOKO ANUGRAH, JAM LOKESWARA,750,7359000, Pontianak,-0.02269,109.34475,Indonesia, Asia, Kalimantan Barat,ID,POINT (109.34475 -0.02269), UTC+07:00
200, 2021-08-04, TOKO CHALLISTA, JAM LOKESWARA,300,3060000, Jayapura,-2.53875,140.70374,Indonesia, Asia, Papua,ID,POINT (140.70374 -2.53875), UTC+09:00
201, 2021-09-04, TOKO CHALLISTA, JAM LOKESWARA,350,3434200, Ambon,-3.69594,128.17879,Indonesia, Asia, Maluku,ID,POINT (128.17879 -3.69594), UTC+09:00
202, 2021-10-05, TOKO ASSYAKIRIN, JAM LOKESWARA,350,3570000, Padang,-0.92476,100.36326,Indonesia, Asia, Sumatera Barat,ID,POINT (100.36326 -0.92476), UTC+07:00
203, 2021-11-05, TOKO ASSYAKIRIN, BATIK LONTARA,180,12600000, Manado,1.49006,124.84087,Indonesia, Asia, Sulawesi Utara,ID,POINT (124.84087 1.49006), UTC+08:00
204, 2021-12-06, TOKO USAHA, JAM LOKESWARA,300,2943600, Pontianak,-0.02269,109.34475,Indonesia, Asia, Kalimantan Barat,ID,POINT (109.34475 -0.02269), UTC+07:00
205, 2022-01-06, TOKO USAHA, BATIK LONTARA,60,4200000, Jayapura,-2.53875,140.70374,Indonesia, Asia, Papua,ID,POINT (140.70374 -2.53875), UTC+09:00
206, 2022-02-06, TOKO MAJU TERUS, JAM LOKESWARA,500,4906000, Ambon,-3.69594,128.17879,Indonesia, Asia, Maluku,ID,POINT (128.17879 -3.69594), UTC+09:00
207, 2022-03-06, TOKO MAJU TERUS, BATIK LONTARA,80,5600000, Padang,-0.92476,100.36326,Indonesia, Asia, Sumatera Barat,ID,POINT (100.36326 -0.92476), UTC+07:00
208, 2022-04-06, TOKO MAJU TERUS, JAM WISH,320,5440000, Manado,1.49006,124.84087,Indonesia, Asia, Sulawesi Utara,ID,POINT (124.84087 1.49006), UTC+08:00
209, 2022-05-06, TOKO MERDEKA, JAM LOKESWARA,240,2356800, Pontianak,-0.02269,109.34475,Indonesia, Asia, Kalimantan Barat,ID,POINT (109.34475 -0.02269), UTC+07:00
210, 2022-06-06, TOKO MERDEKA, JAM LOKESWARA,550,5329000, Jayapura,-2.53875,140.70374,Indonesia, Asia, Papua,ID,POINT (140.70374 -2.53875), UTC+09:00
211, 2022-07-07, TOKO MAKMUR, JAM LOKESWARA,650,6433500, Ambon,-3.69594,128.17879,Indonesia, Asia, Maluku,ID,POINT (128.17879 -3.69594), UTC+09:00
212, 2022-08-07, TOKO MAKMUR, BATIK LONTARA,110,7700000, Padang,-0.92476,100.36326,Indonesia, Asia, Sumatera Barat,ID,POINT (100.36326 -0.92476), UTC+07:00
213, 2022-09-07, TOKO MAKMUR, JAM WISH,480,6800000, Manado,1.49006,124.84087,Indonesia, Asia, Sulawesi Utara,ID,POINT (124.84087 1.49006), UTC+08:00
214, 2022-10-07, TOKO JAYA, JAM LOKESWARA,370,3831000, Pontianak,-0.02269,109.34475,Indonesia, Asia, Kalimantan Barat,ID,POINT (109.34475 -0.02269), UTC+07:00
215, 2022-11-07, TOKO JAYA, BATIK LONTARA,90,6300000, Jayapura,-2.53875,140.70374,Indonesia, Asia, Papua,ID,POINT (140.70374 -2.53875), UTC+09:00
216, 2022-12-08, TOKO JAYA, JAM LOKESWARA,450,4275000, Ambon,-3.69594,128.17879,Indonesia, Asia, Maluku,ID,POINT (128.17879 -3.69594), UTC+09:00
217, 2023-01-08, TOKO JAYA, JAM LOKESWARA,500,4700000, Padang,-0.92476,100.36326,Indonesia, Asia, Sumatera Barat,ID,POINT (100.36326 -0.92476), UTC+07:00
218, 2023-02-08, TOKO SANTOSO, JAM LOKESWARA,260,2456000, Manado,1.49006,124.84087,Indonesia, Asia, Sulawesi Utara,ID,POINT (124.84087 1.49006), UTC+08:00
219, 2023-03-08, TOKO SANTOSO, BATIK LONTARA,70,4900000, Pontianak,-0.02269,109.34475,Indonesia, Asia, Kalimantan Barat,ID,POINT (109.34475 -0.02269), UTC+07:00
220, 2023-04-08, TOKO SANTOSO, JAM WISH,350,4900000, Jayapura,-2.53875,140.70374,Indonesia, Asia, Papua,ID,POINT (140.70374 -2.53875), UTC+09:00
221, 2023-05-08, TOKO JAYA, BATIK LONTARA,90,6300000, Ambon,-3.69594,128.17879,Indonesia, Asia, Maluku,ID,POINT (128.17879 -3.69594), UTC+09:00
222, 2023-06-08, TOKO JAYA, JAM LOKESWARA,500,4700000, Padang,-0.92476,100.36326,Indonesia, Asia, Sumatera Barat,ID,POINT (100.36326 -0.92476), UTC+07:00
